Anyo,codigo_distrito,codigo_barrio,parados
2012,1,11,1680.0
2012,1,12,4328.0
2012,1,13,829.0
2012,1,14,1076.0
2012,1,15,2509.0
2012,1,16,572.0
2012,2,21,1452.0
2012,2,22,2310.0
2012,2,23,1690.0
2012,2,24,958.0
2012,2,25,1844.0
2012,2,26,2083.0
2012,2,27,79.0
2012,3,31,2021.0
2012,3,32,1036.0
2012,3,33,989.0
2012,3,34,1157.0
2012,3,35,303.0
2012,3,36,593.0
2012,4,41,571.0
2012,4,42,1464.0
2012,4,43,1273.0
2012,4,44,2218.0
2012,4,45,1134.0
2012,4,46,571.0
2012,5,51,457.0
2012,5,52,2280.0
2012,5,53,1130.0
2012,5,54,1179.0
2012,5,55,813.0
2012,5,56,744.0
2012,6,61,2307.0
2012,6,62,2138.0
2012,6,63,1211.0
2012,6,64,2068.0
2012,6,65,2117.0
2012,6,66,1949.0
2012,7,71,1221.0
2012,7,72,1351.0
2012,7,73,1514.0
2012,7,74,783.0
2012,7,75,1394.0
2012,7,76,792.0
2012,8,81,187.0
2012,8,82,108.0
2012,8,83,2831.0
2012,8,84,3103.0
2012,8,85,1747.0
2012,8,86,3614.0
2012,8,87,1126.0
2012,8,88,496.0
2012,9,91,705.0
2012,9,92,1237.0
2012,9,93,636.0
2012,9,94,2084.0
2012,9,95,146.0
2012,9,96,71.0
2012,9,97,982.0
2012,10,101,1649.0
2012,10,102,3887.0
2012,10,103,3126.0
2012,10,104,5124.0
2012,10,105,1337.0
2012,10,106,324.0
2012,10,107,3867.0
2012,11,111,2014.0
2012,11,112,2768.0
2012,11,113,3934.0
2012,11,114,4094.0
2012,11,115,3232.0
2012,11,116,3493.0
2012,11,117,2667.0
2012,12,121,2134.0
2012,12,122,1544.0
2012,12,123,2299.0
2012,12,124,1902.0
2012,12,125,2359.0
2012,12,126,1304.0
2012,12,127,1603.0
2012,13,131,4076.0
2012,13,132,4437.0
2012,13,133,3700.0
2012,13,134,4425.0
2012,13,135,3014.0
2012,13,136,5003.0
2012,14,141,738.0
2012,14,142,460.0
2012,14,143,1804.0
2012,14,144,1443.0
2012,14,145,1504.0
2012,14,146,1246.0
2012,15,151,3796.0
2012,15,152,5085.0
2012,15,153,1949.0
2012,15,154,1316.0
2012,15,155,1179.0
2012,15,156,570.0
2012,15,157,316.0
2012,15,158,68.0
2012,15,159,1000.0
2012,16,161,258.0
2012,16,162,496.0
2012,16,163,2642.0
2012,16,164,3796.0
2012,16,165,1122.0
2012,16,166,2198.0
2012,17,171,4984.0
2012,17,172,2150.0
2012,17,173,1575.0
2012,17,174,3686.0
2012,17,175,2846.0
2012,18,181,7312.0
2012,18,182,2272.0
2012,19,191,4064.0
2012,20,201,2277.0
2012,20,202,851.0
2012,20,203,917.0
2012,20,204,2214.0
2012,20,205,1932.0
2012,20,206,852.0
2012,20,207,2337.0
2012,20,208,599.0
2012,21,211,999.0
2012,21,212,153.0
2012,21,213,583.0
2012,21,214,601.0
2012,21,215,294.0
2013,1,11,20532.0
2013,1,12,53003.0
2013,1,13,10063.0
2013,1,14,12995.0
2013,1,15,30645.0
2013,1,16,7148.0
2013,2,21,17492.0
2013,2,22,28167.0
2013,2,23,20326.0
2013,2,24,11747.0
2013,2,25,22200.0
2013,2,26,24672.0
2013,2,27,977.0
2013,3,31,24944.0
2013,3,32,12820.0
2013,3,33,12007.0
2013,3,34,13962.0
2013,3,35,3364.0
2013,3,36,7399.0
2013,4,41,7509.0
2013,4,42,17808.0
2013,4,43,15291.0
2013,4,44,26804.0
2013,4,45,13200.0
2013,4,46,6659.0
2013,5,51,5891.0
2013,5,52,27764.0
2013,5,53,13837.0
2013,5,54,14979.0
2013,5,55,10504.0
2013,5,56,9416.0
2013,6,61,28200.0
2013,6,62,26101.0
2013,6,63,14486.0
2013,6,64,25633.0
2013,6,65,26201.0
2013,6,66,24060.0
2013,7,71,14777.0
2013,7,72,16379.0
2013,7,73,18156.0
2013,7,74,9309.0
2013,7,75,16590.0
2013,7,76,9911.0
2013,8,81,2210.0
2013,8,82,1156.0
2013,8,83,34747.0
2013,8,84,38304.0
2013,8,85,21054.0
2013,8,86,44232.0
2013,8,87,13737.0
2013,8,88,6686.0
2013,9,91,8688.0
2013,9,92,14849.0
2013,9,93,7739.0
2013,9,94,25204.0
2013,9,95,1893.0
2013,9,96,763.0
2013,9,97,11939.0
2013,10,101,20315.0
2013,10,102,46885.0
2013,10,103,38208.0
2013,10,104,63279.0
2013,10,105,17299.0
2013,10,106,4103.0
2013,10,107,48339.0
2013,11,111,24206.0
2013,11,112,34338.0
2013,11,113,49420.0
2013,11,114,50108.0
2013,11,115,40690.0
2013,11,116,43257.0
2013,11,117,33456.0
2013,12,121,26207.0
2013,12,122,19304.0
2013,12,123,27802.0
2013,12,124,23622.0
2013,12,125,28495.0
2013,12,126,16317.0
2013,12,127,19744.0
2013,13,131,50458.0
2013,13,132,54623.0
2013,13,133,46591.0
2013,13,134,54393.0
2013,13,135,37430.0
2013,13,136,61969.0
2013,14,141,9387.0
2013,14,142,5800.0
2013,14,143,22373.0
2013,14,144,17382.0
2013,14,145,18113.0
2013,14,146,15726.0
2013,15,151,47147.0
2013,15,152,62701.0
2013,15,153,23316.0
2013,15,154,16768.0
2013,15,155,14803.0
2013,15,156,7165.0
2013,15,157,3847.0
2013,15,158,831.0
2013,15,159,12171.0
2013,16,161,3140.0
2013,16,162,6072.0
2013,16,163,32601.0
2013,16,164,48306.0
2013,16,165,13697.0
2013,16,166,27335.0
2013,17,171,62341.0
2013,17,172,26573.0
2013,17,173,19110.0
2013,17,174,45218.0
2013,17,175,35203.0
2013,18,181,90496.0
2013,18,182,27797.0
2013,19,191,46247.0
2013,20,201,26076.0
2013,20,202,10362.0
2013,20,203,10494.0
2013,20,204,25642.0
2013,20,205,22087.0
2013,20,206,9822.0
2013,20,207,26272.0
2013,20,208,6849.0
2013,21,211,11174.0
2013,21,212,1823.0
2013,21,213,6804.0
2013,21,214,6991.0
2013,21,215,3343.0
2014,1,11,19094.0
2014,1,12,48652.0
2014,1,13,9474.0
2014,1,14,11991.0
2014,1,15,28071.0
2014,1,16,6340.0
2014,2,21,16480.0
2014,2,22,26628.0
2014,2,23,18624.0
2014,2,24,11316.0
2014,2,25,20660.0
2014,2,26,22302.0
2014,2,27,813.0
2014,3,31,22795.0
2014,3,32,12549.0
2014,3,33,11236.0
2014,3,34,13226.0
2014,3,35,3077.0
2014,3,36,6466.0
2014,4,41,6679.0
2014,4,42,16179.0
2014,4,43,14168.0
2014,4,44,24870.0
2014,4,45,11161.0
2014,4,46,5940.0
2014,5,51,5354.0
2014,5,52,24970.0
2014,5,53,12610.0
2014,5,54,14379.0
2014,5,55,9444.0
2014,5,56,8573.0
2014,6,61,26748.0
2014,6,62,24401.0
2014,6,63,13228.0
2014,6,64,24973.0
2014,6,65,25376.0
2014,6,66,22625.0
2014,7,71,13429.0
2014,7,72,15260.0
2014,7,73,15932.0
2014,7,74,8782.0
2014,7,75,15539.0
2014,7,76,9361.0
2014,8,81,2156.0
2014,8,82,945.0
2014,8,83,32434.0
2014,8,84,35865.0
2014,8,85,19296.0
2014,8,86,42081.0
2014,8,87,12738.0
2014,8,88,6225.0
2014,9,91,8183.0
2014,9,92,13625.0
2014,9,93,6822.0
2014,9,94,23896.0
2014,9,95,1720.0
2014,9,96,725.0
2014,9,97,11388.0
2014,10,101,19069.0
2014,10,102,44212.0
2014,10,103,35625.0
2014,10,104,59175.0
2014,10,105,16787.0
2014,10,106,3488.0
2014,10,107,45523.0
2014,11,111,23232.0
2014,11,112,33061.0
2014,11,113,47415.0
2014,11,114,46854.0
2014,11,115,38219.0
2014,11,116,40291.0
2014,11,117,32467.0
2014,12,121,25372.0
2014,12,122,18878.0
2014,12,123,26119.0
2014,12,124,22060.0
2014,12,125,26147.0
2014,12,126,15276.0
2014,12,127,18286.0
2014,13,131,48125.0
2014,13,132,52110.0
2014,13,133,44170.0
2014,13,134,52132.0
2014,13,135,36150.0
2014,13,136,60235.0
2014,14,141,9069.0
2014,14,142,5625.0
2014,14,143,21592.0
2014,14,144,17029.0
2014,14,145,17298.0
2014,14,146,14237.0
2014,15,151,44790.0
2014,15,152,59427.0
2014,15,153,23060.0
2014,15,154,16315.0
2014,15,155,14140.0
2014,15,156,6757.0
2014,15,157,3540.0
2014,15,158,829.0
2014,15,159,11958.0
2014,16,161,2903.0
2014,16,162,5808.0
2014,16,163,30094.0
2014,16,164,45677.0
2014,16,165,13532.0
2014,16,166,26369.0
2014,17,171,60117.0
2014,17,172,25430.0
2014,17,173,17851.0
2014,17,174,42767.0
2014,17,175,32937.0
2014,18,181,85876.0
2014,18,182,26089.0
2014,19,191,49062.0
2014,20,201,27653.0
2014,20,202,11033.0
2014,20,203,11219.0
2014,20,204,26353.0
2014,20,205,22751.0
2014,20,206,10458.0
2014,20,207,27745.0
2014,20,208,7224.0
2014,21,211,11960.0
2014,21,212,1875.0
2014,21,213,7188.0
2014,21,214,7253.0
2014,21,215,3352.0
2015,1,11,17572.0
2015,1,12,44262.0
2015,1,13,8728.0
2015,1,14,11246.0
2015,1,15,25641.0
2015,1,16,5979.0
2015,2,21,16166.0
2015,2,22,24006.0
2015,2,23,17061.0
2015,2,24,10430.0
2015,2,25,18605.0
2015,2,26,20560.0
2015,2,27,791.0
2015,3,31,19730.0
2015,3,32,11865.0
2015,3,33,9900.0
2015,3,34,11903.0
2015,3,35,2666.0
2015,3,36,6073.0
2015,4,41,5507.0
2015,4,42,14930.0
2015,4,43,12756.0
2015,4,44,22651.0
2015,4,45,10345.0
2015,4,46,5563.0
2015,5,51,4920.0
2015,5,52,23587.0
2015,5,53,11730.0
2015,5,54,12938.0
2015,5,55,8565.0
2015,5,56,7699.0
2015,6,61,24496.0
2015,6,62,21939.0
2015,6,63,12176.0
2015,6,64,23359.0
2015,6,65,23136.0
2015,6,66,21544.0
2015,7,71,12500.0
2015,7,72,13787.0
2015,7,73,14408.0
2015,7,74,8009.0
2015,7,75,13477.0
2015,7,76,8358.0
2015,8,81,2106.0
2015,8,82,1076.0
2015,8,83,28711.0
2015,8,84,32543.0
2015,8,85,16764.0
2015,8,86,39219.0
2015,8,87,11733.0
2015,8,88,5709.0
2015,9,91,7824.0
2015,9,92,12092.0
2015,9,93,6453.0
2015,9,94,21527.0
2015,9,95,1511.0
2015,9,96,814.0
2015,9,97,10237.0
2015,10,101,18563.0
2015,10,102,41681.0
2015,10,103,33184.0
2015,10,104,53833.0
2015,10,105,15248.0
2015,10,106,3418.0
2015,10,107,40914.0
2015,11,111,21051.0
2015,11,112,31107.0
2015,11,113,44386.0
2015,11,114,43632.0
2015,11,115,34992.0
2015,11,116,36899.0
2015,11,117,29568.0
2015,12,121,23277.0
2015,12,122,18157.0
2015,12,123,25391.0
2015,12,124,20874.0
2015,12,125,24363.0
2015,12,126,14958.0
2015,12,127,16860.0
2015,13,131,45380.0
2015,13,132,49302.0
2015,13,133,41041.0
2015,13,134,48585.0
2015,13,135,33855.0
2015,13,136,56401.0
2015,14,141,8686.0
2015,14,142,5148.0
2015,14,143,20229.0
2015,14,144,15995.0
2015,14,145,16315.0
2015,14,146,12642.0
2015,15,151,42121.0
2015,15,152,54908.0
2015,15,153,21974.0
2015,15,154,15076.0
2015,15,155,12610.0
2015,15,156,6337.0
2015,15,157,3141.0
2015,15,158,767.0
2015,15,159,11248.0
2015,16,161,2711.0
2015,16,162,5306.0
2015,16,163,27193.0
2015,16,164,42921.0
2015,16,165,13087.0
2015,16,166,25053.0
2015,17,171,56344.0
2015,17,172,23642.0
2015,17,173,15274.0
2015,17,174,40366.0
2015,17,175,30019.0
2015,18,181,79791.0
2015,18,182,23334.0
2015,19,191,46021.0
2015,20,201,25788.0
2015,20,202,10708.0
2015,20,203,10837.0
2015,20,204,24735.0
2015,20,205,20536.0
2015,20,206,9706.0
2015,20,207,26932.0
2015,20,208,6685.0
2015,21,211,10556.0
2015,21,212,1642.0
2015,21,213,6893.0
2015,21,214,6735.0
2015,21,215,3018.0
2016,1,11,16933.0
2016,1,12,40935.0
2016,1,13,8239.0
2016,1,14,10478.0
2016,1,15,23046.0
2016,1,16,5797.0
2016,2,21,14343.0
2016,2,22,22183.0
2016,2,23,15402.0
2016,2,24,9285.0
2016,2,25,16923.0
2016,2,26,18779.0
2016,2,27,801.0
2016,3,31,18200.0
2016,3,32,11061.0
2016,3,33,8912.0
2016,3,34,10292.0
2016,3,35,2458.0
2016,3,36,5431.0
2016,4,41,5116.0
2016,4,42,13564.0
2016,4,43,12022.0
2016,4,44,20764.0
2016,4,45,9369.0
2016,4,46,5263.0
2016,5,51,4932.0
2016,5,52,21408.0
2016,5,53,11033.0
2016,5,54,12136.0
2016,5,55,8039.0
2016,5,56,7289.0
2016,6,61,22332.0
2016,6,62,19531.0
2016,6,63,11176.0
2016,6,64,21854.0
2016,6,65,21580.0
2016,6,66,19648.0
2016,7,71,11980.0
2016,7,72,12238.0
2016,7,73,13349.0
2016,7,74,7307.0
2016,7,75,12096.0
2016,7,76,7396.0
2016,8,81,1955.0
2016,8,82,1007.0
2016,8,83,26355.0
2016,8,84,29670.0
2016,8,85,14855.0
2016,8,86,36148.0
2016,8,87,11012.0
2016,8,88,5318.0
2016,9,91,7541.0
2016,9,92,11569.0
2016,9,93,6061.0
2016,9,94,19348.0
2016,9,95,1516.0
2016,9,96,680.0
2016,9,97,8895.0
2016,10,101,17512.0
2016,10,102,38188.0
2016,10,103,30720.0
2016,10,104,47964.0
2016,10,105,13966.0
2016,10,106,3990.0
2016,10,107,37653.0
2016,11,111,19203.0
2016,11,112,28309.0
2016,11,113,41300.0
2016,11,114,40188.0
2016,11,115,32963.0
2016,11,116,35188.0
2016,11,117,26687.0
2016,12,121,21329.0
2016,12,122,16010.0
2016,12,123,23480.0
2016,12,124,19227.0
2016,12,125,22519.0
2016,12,126,13537.0
2016,12,127,15296.0
2016,13,131,41385.0
2016,13,132,46270.0
2016,13,133,38228.0
2016,13,134,45024.0
2016,13,135,30961.0
2016,13,136,52433.0
2016,14,141,7679.0
2016,14,142,5060.0
2016,14,143,18518.0
2016,14,144,14190.0
2016,14,145,14800.0
2016,14,146,11360.0
2016,15,151,37928.0
2016,15,152,49015.0
2016,15,153,19865.0
2016,15,154,14365.0
2016,15,155,11725.0
2016,15,156,6137.0
2016,15,157,3055.0
2016,15,158,594.0
2016,15,159,10476.0
2016,16,161,2474.0
2016,16,162,4882.0
2016,16,163,24440.0
2016,16,164,39507.0
2016,16,165,12453.0
2016,16,166,24231.0
2016,17,171,51699.0
2016,17,172,21459.0
2016,17,173,13840.0
2016,17,174,36706.0
2016,17,175,27304.0
2016,18,181,74624.0
2016,18,182,21062.0
2016,19,191,42217.0
2016,20,201,23989.0
2016,20,202,9927.0
2016,20,203,10172.0
2016,20,204,23088.0
2016,20,205,18655.0
2016,20,206,9514.0
2016,20,207,24470.0
2016,20,208,6352.0
2016,21,211,9229.0
2016,21,212,1632.0
2016,21,213,6355.0
2016,21,214,6279.0
2016,21,215,2796.0
2017,1,11,16066.0
2017,1,12,37181.0
2017,1,13,7485.0
2017,1,14,9621.0
2017,1,15,20434.0
2017,1,16,5122.0
2017,2,21,12770.0
2017,2,22,20289.0
2017,2,23,13453.0
2017,2,24,8478.0
2017,2,25,15407.0
2017,2,26,16776.0
2017,2,27,785.0
2017,3,31,16169.0
2017,3,32,10135.0
2017,3,33,8463.0
2017,3,34,9813.0
2017,3,35,2244.0
2017,3,36,4903.0
2017,4,41,4619.0
2017,4,42,12924.0
2017,4,43,10306.0
2017,4,44,19426.0
2017,4,45,8604.0
2017,4,46,4988.0
2017,5,51,4518.0
2017,5,52,19196.0
2017,5,53,9783.0
2017,5,54,11508.0
2017,5,55,7398.0
2017,5,56,6715.0
2017,6,61,19851.0
2017,6,62,17671.0
2017,6,63,10624.0
2017,6,64,20744.0
2017,6,65,19409.0
2017,6,66,17955.0
2017,7,71,10714.0
2017,7,72,11109.0
2017,7,73,12051.0
2017,7,74,6584.0
2017,7,75,10897.0
2017,7,76,6673.0
2017,8,81,1821.0
2017,8,82,955.0
2017,8,83,24224.0
2017,8,84,26446.0
2017,8,85,13593.0
2017,8,86,33521.0
2017,8,87,10359.0
2017,8,88,4816.0
2017,9,91,7473.0
2017,9,92,10382.0
2017,9,93,5658.0
2017,9,94,17082.0
2017,9,95,1567.0
2017,9,96,617.0
2017,9,97,8078.0
2017,10,101,16194.0
2017,10,102,34930.0
2017,10,103,28270.0
2017,10,104,42089.0
2017,10,105,12205.0
2017,10,106,3772.0
2017,10,107,33812.0
2017,11,111,17154.0
2017,11,112,24516.0
2017,11,113,37945.0
2017,11,114,35839.0
2017,11,115,30747.0
2017,11,116,32115.0
2017,11,117,24859.0
2017,12,121,19922.0
2017,12,122,15016.0
2017,12,123,21383.0
2017,12,124,17483.0
2017,12,125,20175.0
2017,12,126,12024.0
2017,12,127,14180.0
2017,13,131,39090.0
2017,13,132,42694.0
2017,13,133,35091.0
2017,13,134,39639.0
2017,13,135,28562.0
2017,13,136,47464.0
2017,14,141,6908.0
2017,14,142,4814.0
2017,14,143,16873.0
2017,14,144,13487.0
2017,14,145,13500.0
2017,14,146,10800.0
2017,15,151,33834.0
2017,15,152,43786.0
2017,15,153,18187.0
2017,15,154,12922.0
2017,15,155,10637.0
2017,15,156,5695.0
2017,15,157,2849.0
2017,15,158,582.0
2017,15,159,9289.0
2017,16,161,2257.0
2017,16,162,4773.0
2017,16,163,22655.0
2017,16,164,35864.0
2017,16,165,11066.0
2017,16,166,23169.0
2017,17,171,47080.0
2017,17,172,19491.0
2017,17,173,13342.0
2017,17,174,33334.0
2017,17,175,25332.0
2017,18,181,53166.0
2017,18,182,18985.0
2017,19,191,39329.0
2017,19,192,2424.0
2017,20,201,22461.0
2017,20,202,9111.0
2017,20,203,9139.0
2017,20,204,20888.0
2017,20,205,16851.0
2017,20,206,8941.0
2017,20,207,21851.0
2017,20,208,6098.0
2017,21,211,8059.0
2017,21,212,1381.0
2017,21,213,5739.0
2017,21,214,6187.0
2017,21,215,2493.0
2018,1,11,15159.0
2018,1,12,34179.0
2018,1,13,6506.0
2018,1,14,9187.0
2018,1,15,18776.0
2018,1,16,4764.0
2018,2,21,11807.0
2018,2,22,18450.0
2018,2,23,11879.0
2018,2,24,7922.0
2018,2,25,14051.0
2018,2,26,14940.0
2018,2,27,749.0
2018,3,31,15218.0
2018,3,32,9344.0
2018,3,33,7837.0
2018,3,34,9190.0
2018,3,35,2053.0
2018,3,36,4702.0
2018,4,41,4578.0
2018,4,42,11696.0
2018,4,43,9387.0
2018,4,44,17715.0
2018,4,45,8206.0
2018,4,46,4560.0
2018,5,51,4180.0
2018,5,52,17500.0
2018,5,53,8550.0
2018,5,54,10611.0
2018,5,55,7028.0
2018,5,56,6433.0
2018,6,61,17468.0
2018,6,62,16399.0
2018,6,63,9519.0
2018,6,64,19357.0
2018,6,65,17458.0
2018,6,66,15657.0
2018,7,71,9992.0
2018,7,72,10351.0
2018,7,73,11075.0
2018,7,74,6141.0
2018,7,75,10120.0
2018,7,76,6349.0
2018,8,81,1637.0
2018,8,82,760.0
2018,8,83,22042.0
2018,8,84,23964.0
2018,8,85,11963.0
2018,8,86,31579.0
2018,8,87,10093.0
2018,8,88,4653.0
2018,9,91,7138.0
2018,9,92,10011.0
2018,9,93,5355.0
2018,9,94,15588.0
2018,9,95,1529.0
2018,9,96,596.0
2018,9,97,7633.0
2018,10,101,15814.0
2018,10,102,31711.0
2018,10,103,25755.0
2018,10,104,38978.0
2018,10,105,10990.0
2018,10,106,3631.0
2018,10,107,31068.0
2018,11,111,16353.0
2018,11,112,22637.0
2018,11,113,36161.0
2018,11,114,32946.0
2018,11,115,29627.0
2018,11,116,30170.0
2018,11,117,23327.0
2018,12,121,18240.0
2018,12,122,14646.0
2018,12,123,20292.0
2018,12,124,16833.0
2018,12,125,18878.0
2018,12,126,10646.0
2018,12,127,13269.0
2018,13,131,37255.0
2018,13,132,40014.0
2018,13,133,32559.0
2018,13,134,36898.0
2018,13,135,26652.0
2018,13,136,44053.0
2018,14,141,6731.0
2018,14,142,4519.0
2018,14,143,15627.0
2018,14,144,12551.0
2018,14,145,12515.0
2018,14,146,10089.0
2018,15,151,31465.0
2018,15,152,39745.0
2018,15,153,16007.0
2018,15,154,12050.0
2018,15,155,9627.0
2018,15,156,4896.0
2018,15,157,2756.0
2018,15,158,475.0
2018,15,159,8478.0
2018,16,161,2113.0
2018,16,162,4448.0
2018,16,163,20877.0
2018,16,164,32969.0
2018,16,165,10117.0
2018,16,166,22091.0
2018,17,171,44376.0
2018,17,172,18753.0
2018,17,173,13036.0
2018,17,174,29926.0
2018,17,175,23581.0
2018,18,181,38751.0
2018,18,182,17870.0
2018,19,191,31352.0
2018,19,192,14003.0
2018,20,201,20676.0
2018,20,202,8320.0
2018,20,203,8881.0
2018,20,204,19103.0
2018,20,205,15124.0
2018,20,206,8075.0
2018,20,207,19390.0
2018,20,208,5611.0
2018,21,211,7014.0
2018,21,212,1281.0
2018,21,213,4922.0
2018,21,214,5931.0
2018,21,215,2348.0
2019,1,11,14379.0
2019,1,12,31979.0
2019,1,13,6079.0
2019,1,14,9393.0
2019,1,15,18250.0
2019,1,16,4275.0
2019,2,21,11107.0
2019,2,22,17656.0
2019,2,23,11249.0
2019,2,24,7586.0
2019,2,25,13188.0
2019,2,26,14154.0
2019,2,27,737.0
2019,3,31,14613.0
2019,3,32,8436.0
2019,3,33,7557.0
2019,3,34,8784.0
2019,3,35,1930.0
2019,3,36,4325.0
2019,4,41,4093.0
2019,4,42,10696.0
2019,4,43,8991.0
2019,4,44,16843.0
2019,4,45,7405.0
2019,4,46,4208.0
2019,5,51,3920.0
2019,5,52,16047.0
2019,5,53,8306.0
2019,5,54,9933.0
2019,5,55,6749.0
2019,5,56,6408.0
2019,6,61,16348.0
2019,6,62,15035.0
2019,6,63,8658.0
2019,6,64,18892.0
2019,6,65,17478.0
2019,6,66,14884.0
2019,7,71,9110.0
2019,7,72,9655.0
2019,7,73,10197.0
2019,7,74,5782.0
2019,7,75,9640.0
2019,7,76,6038.0
2019,8,81,1654.0
2019,8,82,792.0
2019,8,83,20385.0
2019,8,84,22946.0
2019,8,85,10787.0
2019,8,86,30763.0
2019,8,87,9961.0
2019,8,88,4627.0
2019,9,91,6588.0
2019,9,92,9126.0
2019,9,93,4957.0
2019,9,94,15137.0
2019,9,95,1438.0
2019,9,96,631.0
2019,9,97,7508.0
2019,10,101,15303.0
2019,10,102,29968.0
2019,10,103,23791.0
2019,10,104,36454.0
2019,10,105,10189.0
2019,10,106,3638.0
2019,10,107,28752.0
2019,11,111,15819.0
2019,11,112,21899.0
2019,11,113,34610.0
2019,11,114,31095.0
2019,11,115,28073.0
2019,11,116,28869.0
2019,11,117,22701.0
2019,12,121,17720.0
2019,12,122,14117.0
2019,12,123,19600.0
2019,12,124,16101.0
2019,12,125,17833.0
2019,12,126,10788.0
2019,12,127,12831.0
2019,13,131,35033.0
2019,13,132,37883.0
2019,13,133,31771.0
2019,13,134,34335.0
2019,13,135,25194.0
2019,13,136,40880.0
2019,14,141,6303.0
2019,14,142,4234.0
2019,14,143,14669.0
2019,14,144,11330.0
2019,14,145,11747.0
2019,14,146,9098.0
2019,15,151,29925.0
2019,15,152,37164.0
2019,15,153,14957.0
2019,15,154,11235.0
2019,15,155,9147.0
2019,15,156,4615.0
2019,15,157,2788.0
2019,15,158,497.0
2019,15,159,8238.0
2019,16,161,2145.0
2019,16,162,4041.0
2019,16,163,19968.0
2019,16,164,30763.0
2019,16,165,9466.0
2019,16,166,22115.0
2019,17,171,41775.0
2019,17,172,17691.0
2019,17,173,12859.0
2019,17,174,27630.0
2019,17,175,22692.0
2019,18,181,38335.0
2019,18,182,17358.0
2019,19,191,29202.0
2019,19,192,13951.0
2019,20,201,18641.0
2019,20,202,8150.0
2019,20,203,8641.0
2019,20,204,18145.0
2019,20,205,14386.0
2019,20,206,7979.0
2019,20,207,18154.0
2019,20,208,5254.0
2019,21,211,6649.0
2019,21,212,1217.0
2019,21,213,4585.0
2019,21,214,6117.0
2019,21,215,2422.0
2020,1,11,18410.0
2020,1,12,42008.0
2020,1,13,7532.0
2020,1,14,11897.0
2020,1,15,24401.0
2020,1,16,5732.0
2020,2,21,13317.0
2020,2,22,21191.0
2020,2,23,14242.0
2020,2,24,9422.0
2020,2,25,15728.0
2020,2,26,17529.0
2020,2,27,897.0
2020,3,31,17455.0
2020,3,32,9741.0
2020,3,33,8443.0
2020,3,34,10353.0
2020,3,35,2402.0
2020,3,36,5052.0
2020,4,41,4637.0
2020,4,42,12590.0
2020,4,43,11436.0
2020,4,44,21176.0
2020,4,45,8801.0
2020,4,46,5198.0
2020,5,51,4920.0
2020,5,52,20370.0
2020,5,53,10289.0
2020,5,54,12034.0
2020,5,55,7941.0
2020,5,56,7713.0
2020,6,61,20910.0
2020,6,62,17693.0
2020,6,63,10858.0
2020,6,64,21965.0
2020,6,65,21230.0
2020,6,66,18964.0
2020,7,71,11014.0
2020,7,72,11772.0
2020,7,73,12708.0
2020,7,74,6623.0
2020,7,75,12171.0
2020,7,76,7211.0
2020,8,81,1867.0
2020,8,82,986.0
2020,8,83,23284.0
2020,8,84,26721.0
2020,8,85,12778.0
2020,8,86,36581.0
2020,8,87,11597.0
2020,8,88,5561.0
2020,9,91,7681.0
2020,9,92,11044.0
2020,9,93,5954.0
2020,9,94,18394.0
2020,9,95,1784.0
2020,9,96,811.0
2020,9,97,9511.0
2020,10,101,18105.0
2020,10,102,36622.0
2020,10,103,28813.0
2020,10,104,44215.0
2020,10,105,12849.0
2020,10,106,4280.0
2020,10,107,34201.0
2020,11,111,18872.0
2020,11,112,26383.0
2020,11,113,41512.0
2020,11,114,38231.0
2020,11,115,33963.0
2020,11,116,33665.0
2020,11,117,27698.0
2020,12,121,20768.0
2020,12,122,16508.0
2020,12,123,22892.0
2020,12,124,20175.0
2020,12,125,22944.0
2020,12,126,13198.0
2020,12,127,16083.0
2020,13,131,40857.0
2020,13,132,46668.0
2020,13,133,36813.0
2020,13,134,39315.0
2020,13,135,29205.0
2020,13,136,47590.0
2020,14,141,7442.0
2020,14,142,5141.0
2020,14,143,16575.0
2020,14,144,13214.0
2020,14,145,13999.0
2020,14,146,11162.0
2020,15,151,36347.0
2020,15,152,45581.0
2020,15,153,17808.0
2020,15,154,13595.0
2020,15,155,10580.0
2020,15,156,5809.0
2020,15,157,3439.0
2020,15,158,597.0
2020,15,159,9498.0
2020,16,161,2863.0
2020,16,162,5184.0
2020,16,163,23770.0
2020,16,164,37611.0
2020,16,165,10994.0
2020,16,166,26998.0
2020,17,171,50841.0
2020,17,172,21969.0
2020,17,173,15846.0
2020,17,174,33666.0
2020,17,175,28344.0
2020,18,181,44722.0
2020,18,182,19682.0
2020,19,191,33342.0
2020,19,192,16296.0
2020,20,201,22839.0
2020,20,202,9457.0
2020,20,203,10407.0
2020,20,204,21888.0
2020,20,205,16909.0
2020,20,206,9936.0
2020,20,207,21127.0
2020,20,208,6284.0
2020,21,211,8254.0
2020,21,212,1395.0
2020,21,213,5951.0
2020,21,214,7519.0
2020,21,215,3089.0
2021,1,11,19120.0
2021,1,12,41495.0
2021,1,13,7320.0
2021,1,14,12061.0
2021,1,15,24212.0
2021,1,16,5959.0
2021,2,21,13394.0
2021,2,22,20231.0
2021,2,23,14296.0
2021,2,24,9129.0
2021,2,25,15677.0
2021,2,26,17112.0
2021,2,27,910.0
2021,3,31,17101.0
2021,3,32,9910.0
2021,3,33,8508.0
2021,3,34,10561.0
2021,3,35,2533.0
2021,3,36,5482.0
2021,4,41,4959.0
2021,4,42,13029.0
2021,4,43,11645.0
2021,4,44,21335.0
2021,4,45,9029.0
2021,4,46,5292.0
2021,5,51,5161.0
2021,5,52,20241.0
2021,5,53,10453.0
2021,5,54,12402.0
2021,5,55,7983.0
2021,5,56,7632.0
2021,6,61,21051.0
2021,6,62,18589.0
2021,6,63,11610.0
2021,6,64,22749.0
2021,6,65,21867.0
2021,6,66,19482.0
2021,7,71,11067.0
2021,7,72,11896.0
2021,7,73,12833.0
2021,7,74,6987.0
2021,7,75,11802.0
2021,7,76,7557.0
2021,8,81,1959.0
2021,8,82,891.0
2021,8,83,23841.0
2021,8,84,27847.0
2021,8,85,12661.0
2021,8,86,38207.0
2021,8,87,12639.0
2021,8,88,5981.0
2021,9,91,8006.0
2021,9,92,11104.0
2021,9,93,6246.0
2021,9,94,18517.0
2021,9,95,1758.0
2021,9,96,820.0
2021,9,97,10009.0
2021,10,101,18822.0
2021,10,102,37729.0
2021,10,103,29898.0
2021,10,104,46555.0
2021,10,105,13057.0
2021,10,106,4519.0
2021,10,107,36045.0
2021,11,111,19765.0
2021,11,112,27054.0
2021,11,113,43008.0
2021,11,114,39076.0
2021,11,115,34995.0
2021,11,116,35069.0
2021,11,117,28140.0
2021,12,121,21846.0
2021,12,122,17667.0
2021,12,123,24142.0
2021,12,124,21026.0
2021,12,125,23537.0
2021,12,126,13609.0
2021,12,127,16337.0
2021,13,131,41989.0
2021,13,132,46650.0
2021,13,133,38577.0
2021,13,134,41309.0
2021,13,135,30719.0
2021,13,136,49229.0
2021,14,141,7426.0
2021,14,142,5441.0
2021,14,143,16988.0
2021,14,144,14041.0
2021,14,145,14231.0
2021,14,146,11836.0
2021,15,151,37036.0
2021,15,152,47096.0
2021,15,153,18021.0
2021,15,154,14318.0
2021,15,155,11153.0
2021,15,156,6001.0
2021,15,157,3349.0
2021,15,158,593.0
2021,15,159,9526.0
2021,16,161,3003.0
2021,16,162,5650.0
2021,16,163,23729.0
2021,16,164,38395.0
2021,16,165,11435.0
2021,16,166,28420.0
2021,17,171,53237.0
2021,17,172,22475.0
2021,17,173,16414.0
2021,17,174,35511.0
2021,17,175,28454.0
2021,18,181,44595.0
2021,18,182,19427.0
2021,19,191,35047.0
2021,19,192,16535.0
2021,20,201,23778.0
2021,20,202,9806.0
2021,20,203,10905.0
2021,20,204,23276.0
2021,20,205,17554.0
2021,20,206,10522.0
2021,20,207,22472.0
2021,20,208,6399.0
2021,21,211,8440.0
2021,21,212,1443.0
2021,21,213,5861.0
2021,21,214,7833.0
2021,21,215,2969.0
2022,1,11,736572.0
2022,1,12,45611.0
2022,1,13,4360.0
2022,1,14,9208.0
2022,1,15,18940.0
2022,1,16,3839.0
2022,2,21,6041.0
2022,2,22,35221.0
2022,2,23,6267.0
2022,2,24,7108.0
2022,2,25,11127.0
2022,2,26,9390.0
2022,2,27,3078.0
2022,3,31,5986.0
2022,3,32,20789.0
2022,3,33,4264.0
2022,3,34,8286.0
2022,3,35,4062.0
2022,3,36,4304.0
2022,4,41,3082.0
2022,4,42,22987.0
2022,4,43,5161.0
2022,4,44,7799.0
2022,4,45,6203.0
2022,4,46,4854.0
2022,5,51,2896.0
2022,5,52,25508.0
2022,5,53,4726.0
2022,5,54,5538.0
2022,5,55,8240.0
2022,5,56,5422.0
2022,6,61,8680.0
2022,6,62,40454.0
2022,6,63,5649.0
2022,6,64,13168.0
2022,6,65,12105.0
2022,6,66,9356.0
2022,7,71,8973.0
2022,7,72,23556.0
2022,7,73,5945.0
2022,7,74,5429.0
2022,7,75,7128.0
2022,7,76,6098.0
2022,8,81,2872.0
2022,8,82,39500.0
2022,8,83,10263.0
2022,8,84,9935.0
2022,8,85,4250.0
2022,8,86,19525.0
2022,8,87,12714.0
2022,8,88,5782.0
2022,9,91,4509.0
2022,9,92,20970.0
2022,9,93,3314.0
2022,9,94,8523.0
2022,9,95,3534.0
2022,9,96,2131.0
2022,9,97,8711.0
2022,10,101,9134.0
2022,10,102,70485.0
2022,10,103,13586.0
2022,10,104,20775.0
2022,10,105,14924.0
2022,10,106,10544.0
2022,10,107,25424.0
2022,11,111,17142.0
2022,11,112,79030.0
2022,11,113,18044.0
2022,11,114,18172.0
2022,11,115,19445.0
2022,11,116,24428.0
2022,11,117,20227.0
2022,12,121,15078.0
2022,12,122,48157.0
2022,12,123,10610.0
2022,12,124,13170.0
2022,12,125,12701.0
2022,12,126,11637.0
2022,12,127,10848.0
2022,13,131,18966.0
2022,13,132,95341.0
2022,13,133,18263.0
2022,13,134,27017.0
2022,13,135,24031.0
2022,13,136,27870.0
2022,14,141,16783.0
2022,14,142,24298.0
2022,14,143,6987.0
2022,14,144,6847.0
2022,14,145,6400.0
2022,14,146,9452.0
2022,15,151,15413.0
2022,15,152,60501.0
2022,15,153,8706.0
2022,15,154,15360.0
2022,15,155,17052.0
2022,15,156,7199.0
2022,15,157,5047.0
2022,15,158,3451.0
2022,15,159,4842.0
2022,16,161,3851.0
2022,16,162,36573.0
2022,16,163,9755.0
2022,16,164,13551.0
2022,16,165,5486.0
2022,16,166,16627.0
2022,17,171,26044.0
2022,17,172,55223.0
2022,17,173,8198.0
2022,17,174,27000.0
2022,17,175,15777.0
2022,18,181,23880.0
2022,18,182,38588.0
2022,19,191,23226.0
2022,19,192,27112.0
2022,20,201,9500.0
2022,20,202,42789.0
2022,20,203,5622.0
2022,20,204,14548.0
2022,20,205,9294.0
2022,20,206,6504.0
2022,20,207,14131.0
2022,20,208,8074.0
2022,21,211,4820.0
2022,21,212,8614.0
2022,21,213,2315.0
2022,21,214,5066.0
2022,21,215,1438.0
