Anyo,codigo_distrito,codigo_barrio,poblacion
2005,1,11,24786
2005,1,12,50917
2005,1,13,11538
2005,1,14,17656
2005,1,15,34994
2005,1,16,8774
2005,2,21,22794
2005,2,22,37495
2005,2,23,22257
2005,2,24,9305
2005,2,25,25110
2005,2,26,28640
2005,2,27,1162
2005,3,31,37044
2005,3,32,16403
2005,3,33,24927
2005,3,34,23609
2005,3,35,7705
2005,3,36,16319
2005,4,41,15614
2005,4,42,31274
2005,4,43,22998
2005,4,44,41896
2005,4,45,22236
2005,4,46,16671
2005,5,51,15513
2005,5,52,37430
2005,5,53,18507
2005,5,54,30369
2005,5,55,22479
2005,5,56,16904
2005,6,61,28758
2005,6,62,36105
2005,6,63,20894
2005,6,64,18407
2005,6,65,23363
2005,6,66,22781
2005,7,71,25603
2005,7,72,27579
2005,7,73,27198
2005,7,74,20571
2005,7,75,28441
2005,7,76,21322
2005,8,81,3908
2005,8,82,3391
2005,8,83,46385
2005,8,84,51220
2005,8,85,37599
2005,8,86,34788
2005,8,87,27091
2005,8,88,2228
2005,9,91,14136
2005,9,92,26126
2005,9,93,17178
2005,9,94,32495
2005,9,95,3583
2005,9,96,2404
2005,9,97,22825
2005,10,101,18062
2005,10,102,44883
2005,10,103,38141
2005,10,104,76426
2005,10,105,20896
2005,10,106,1012
2005,10,107,57922
2005,11,111,24850
2005,11,112,33902
2005,11,113,40128
2005,11,114,48791
2005,11,115,34672
2005,11,116,27531
2005,11,117,29843
2005,12,121,21311
2005,12,122,11911
2005,12,123,20639
2005,12,124,19700
2005,12,125,26911
2005,12,126,14485
2005,12,127,17137
2005,13,131,37271
2005,13,132,41596
2005,13,133,41415
2005,13,134,42249
2005,13,135,30336
2005,13,136,48720
2005,14,141,9996
2005,14,142,6105
2005,14,143,31867
2005,14,144,20744
2005,14,145,18769
2005,14,146,19349
2005,15,151,53164
2005,15,152,64979
2005,15,153,26167
2005,15,154,22082
2005,15,155,20397
2005,15,156,12803
2005,15,157,6270
2005,15,158,1709
2005,15,159,23338
2005,16,161,5219
2005,16,162,13724
2005,16,163,44853
2005,16,164,58983
2005,16,165,16209
2005,16,166,14801
2005,17,171,43604
2005,17,172,16550
2005,17,173,12098
2005,17,174,37125
2005,17,175,33979
2005,18,181,38516
2005,18,182,27316
2005,19,191,44049
2005,20,201,25153
2005,20,202,9748
2005,20,203,9088
2005,20,204,23940
2005,20,205,29649
2005,20,206,7744
2005,20,207,31283
2005,20,208,12355
2005,21,211,19969
2005,21,212,2289
2005,21,213,7722
2005,21,214,7501
2005,21,215,4699
2006,1,11,24811
2006,1,12,51527
2006,1,13,11597
2006,1,14,17699
2006,1,15,35349
2006,1,16,8735
2006,2,21,22942
2006,2,22,37727
2006,2,23,22200
2006,2,24,10276
2006,2,25,25550
2006,2,26,28986
2006,2,27,1116
2006,3,31,36959
2006,3,32,16705
2006,3,33,24646
2006,3,34,23606
2006,3,35,7722
2006,3,36,16340
2006,4,41,15871
2006,4,42,31189
2006,4,43,22954
2006,4,44,42202
2006,4,45,22200
2006,4,46,16838
2006,5,51,15686
2006,5,52,37515
2006,5,53,18623
2006,5,54,30535
2006,5,55,22867
2006,5,56,16819
2006,6,61,28953
2006,6,62,36412
2006,6,63,20893
2006,6,64,19759
2006,6,65,23606
2006,6,66,22992
2006,7,71,25630
2006,7,72,27404
2006,7,73,27169
2006,7,74,20725
2006,7,75,28519
2006,7,76,21184
2006,8,81,3867
2006,8,82,3334
2006,8,83,46377
2006,8,84,50536
2006,8,85,37251
2006,8,86,37044
2006,8,87,27280
2006,8,88,3566
2006,9,91,14190
2006,9,92,26265
2006,9,93,17125
2006,9,94,32119
2006,9,95,4000
2006,9,96,2469
2006,9,97,23154
2006,10,101,18132
2006,10,102,45414
2006,10,103,38834
2006,10,104,76164
2006,10,105,20826
2006,10,106,1588
2006,10,107,57803
2006,11,111,24856
2006,11,112,33969
2006,11,113,40504
2006,11,114,49360
2006,11,115,35336
2006,11,116,31349
2006,11,117,30702
2006,12,121,21946
2006,12,122,12094
2006,12,123,21716
2006,12,124,20528
2006,12,125,27386
2006,12,126,14704
2006,12,127,17502
2006,13,131,37390
2006,13,132,42133
2006,13,133,41909
2006,13,134,42690
2006,13,135,30211
2006,13,136,49141
2006,14,141,10125
2006,14,142,6361
2006,14,143,31387
2006,14,144,20544
2006,14,145,18741
2006,14,146,19186
2006,15,151,52934
2006,15,152,65309
2006,15,153,26452
2006,15,154,22119
2006,15,155,20219
2006,15,156,12942
2006,15,157,6313
2006,15,158,1708
2006,15,159,23368
2006,16,161,5468
2006,16,162,14053
2006,16,163,44589
2006,16,164,58640
2006,16,165,16292
2006,16,166,19179
2006,17,171,44186
2006,17,172,16999
2006,17,173,13837
2006,17,174,33971
2006,17,175,37866
2006,18,181,39534
2006,18,182,27312
2006,19,191,46542
2006,20,201,25953
2006,20,202,9690
2006,20,203,9201
2006,20,204,24195
2006,20,205,30457
2006,20,206,8746
2006,20,207,31272
2006,20,208,12398
2006,21,211,20440
2006,21,212,2284
2006,21,213,7858
2006,21,214,7764
2006,21,215,5077
2007,1,11,23580
2007,1,12,49197
2007,1,13,10810
2007,1,14,16792
2007,1,15,33011
2007,1,16,8006
2007,2,21,23171
2007,2,22,37879
2007,2,23,21927
2007,2,24,11778
2007,2,25,25860
2007,2,26,27834
2007,2,27,1128
2007,3,31,36312
2007,3,32,16884
2007,3,33,24653
2007,3,34,23190
2007,3,35,7502
2007,3,36,15989
2007,4,41,15200
2007,4,42,30149
2007,4,43,22193
2007,4,44,41381
2007,4,45,21378
2007,4,46,16462
2007,5,51,15977
2007,5,52,37985
2007,5,53,18791
2007,5,54,30991
2007,5,55,23083
2007,5,56,16951
2007,6,61,28836
2007,6,62,34900
2007,6,63,20519
2007,6,64,20899
2007,6,65,23937
2007,6,66,23115
2007,7,71,24596
2007,7,72,26272
2007,7,73,26232
2007,7,74,20189
2007,7,75,27682
2007,7,76,20622
2007,8,81,3753
2007,8,82,3288
2007,8,83,45521
2007,8,84,50199
2007,8,85,37153
2007,8,86,39707
2007,8,87,27409
2007,8,88,5680
2007,9,91,13741
2007,9,92,25463
2007,9,93,16386
2007,9,94,31363
2007,9,95,4439
2007,9,96,2466
2007,9,97,23498
2007,10,101,17847
2007,10,102,44979
2007,10,103,38639
2007,10,104,74912
2007,10,105,20931
2007,10,106,2197
2007,10,107,57139
2007,11,111,24117
2007,11,112,33486
2007,11,113,40122
2007,11,114,48499
2007,11,115,35350
2007,11,116,35919
2007,11,117,30857
2007,12,121,21990
2007,12,122,12544
2007,12,123,22011
2007,12,124,21039
2007,12,125,26941
2007,12,126,14444
2007,12,127,17422
2007,13,131,36999
2007,13,132,41674
2007,13,133,41894
2007,13,134,42983
2007,13,135,29836
2007,13,136,48521
2007,14,141,10215
2007,14,142,6453
2007,14,143,30823
2007,14,144,20285
2007,14,145,18530
2007,14,146,18617
2007,15,151,51686
2007,15,152,64447
2007,15,153,25807
2007,15,154,21682
2007,15,155,19763
2007,15,156,12778
2007,15,157,6156
2007,15,158,1646
2007,15,159,22840
2007,16,161,5742
2007,16,162,14113
2007,16,163,43777
2007,16,164,57835
2007,16,165,16048
2007,16,166,24146
2007,17,171,44107
2007,17,172,16595
2007,17,173,14455
2007,17,174,37610
2007,17,175,33417
2007,18,181,39978
2007,18,182,27185
2007,19,191,46007
2007,20,201,26157
2007,20,202,9717
2007,20,203,9132
2007,20,204,24290
2007,20,205,30793
2007,20,206,9795
2007,20,207,31059
2007,20,208,12185
2007,21,211,20327
2007,21,212,2204
2007,21,213,7809
2007,21,214,7813
2007,21,215,5545
2008,1,11,23723
2008,1,12,49593
2008,1,13,10884
2008,1,14,17057
2008,1,15,32966
2008,1,16,8047
2008,2,21,23232
2008,2,22,37951
2008,2,23,22054
2008,2,24,13612
2008,2,25,26695
2008,2,26,28099
2008,2,27,1101
2008,3,31,36194
2008,3,32,17059
2008,3,33,24528
2008,3,34,23114
2008,3,35,7402
2008,3,36,15961
2008,4,41,15364
2008,4,42,30446
2008,4,43,22328
2008,4,44,41633
2008,4,45,21255
2008,4,46,16681
2008,5,51,16233
2008,5,52,38159
2008,5,53,18828
2008,5,54,31409
2008,5,55,23447
2008,5,56,17012
2008,6,61,29567
2008,6,62,34883
2008,6,63,20619
2008,6,64,21470
2008,6,65,24409
2008,6,66,23522
2008,7,71,24587
2008,7,72,26233
2008,7,73,26396
2008,7,74,20277
2008,7,75,27910
2008,7,76,20531
2008,8,81,3657
2008,8,82,3254
2008,8,83,45968
2008,8,84,50079
2008,8,85,36626
2008,8,86,44695
2008,8,87,27778
2008,8,88,8028
2008,9,91,13559
2008,9,92,25142
2008,9,93,16272
2008,9,94,31299
2008,9,95,4835
2008,9,96,2513
2008,9,97,24448
2008,10,101,17976
2008,10,102,45783
2008,10,103,38953
2008,10,104,74582
2008,10,105,21048
2008,10,106,2825
2008,10,107,57309
2008,11,111,24310
2008,11,112,33695
2008,11,113,40414
2008,11,114,48665
2008,11,115,35768
2008,11,116,39505
2008,11,117,31321
2008,12,121,22131
2008,12,122,12844
2008,12,123,22664
2008,12,124,22171
2008,12,125,27392
2008,12,126,14684
2008,12,127,17708
2008,13,131,37028
2008,13,132,42460
2008,13,133,41967
2008,13,134,43616
2008,13,135,29863
2008,13,136,49217
2008,14,141,10128
2008,14,142,6550
2008,14,143,30585
2008,14,144,20190
2008,14,145,18507
2008,14,146,18534
2008,15,151,52003
2008,15,152,65172
2008,15,153,25946
2008,15,154,21952
2008,15,155,19682
2008,15,156,12739
2008,15,157,6224
2008,15,158,1651
2008,15,159,22802
2008,16,161,6222
2008,16,162,14628
2008,16,163,43806
2008,16,164,57956
2008,16,165,15988
2008,16,166,30102
2008,17,171,44582
2008,17,172,16793
2008,17,173,14666
2008,17,174,38491
2008,17,175,33720
2008,18,181,46139
2008,18,182,27142
2008,19,191,48009
2008,20,201,26300
2008,20,202,9761
2008,20,203,9147
2008,20,204,24516
2008,20,205,31299
2008,20,206,11265
2008,20,207,31222
2008,20,208,12285
2008,21,211,20441
2008,21,212,2160
2008,21,213,7784
2008,21,214,7913
2008,21,215,5976
2009,1,11,23713
2009,1,12,50196
2009,1,13,11049
2009,1,14,17171
2009,1,15,33421
2009,1,16,8124
2009,2,21,23228
2009,2,22,38203
2009,2,23,21862
2009,2,24,14934
2009,2,25,26989
2009,2,26,28065
2009,2,27,1064
2009,3,31,36015
2009,3,32,17325
2009,3,33,24395
2009,3,34,22944
2009,3,35,7325
2009,3,36,15965
2009,4,41,15398
2009,4,42,30327
2009,4,43,22214
2009,4,44,41897
2009,4,45,21341
2009,4,46,16784
2009,5,51,16561
2009,5,52,38297
2009,5,53,18951
2009,5,54,31642
2009,5,55,23768
2009,5,56,17128
2009,6,61,29886
2009,6,62,34846
2009,6,63,20787
2009,6,64,21920
2009,6,65,24995
2009,6,66,24224
2009,7,71,24340
2009,7,72,26166
2009,7,73,26415
2009,7,74,20252
2009,7,75,28068
2009,7,76,20553
2009,8,81,3583
2009,8,82,3231
2009,8,83,46095
2009,8,84,49819
2009,8,85,36319
2009,8,86,48556
2009,8,87,28450
2009,8,88,9901
2009,9,91,13406
2009,9,92,25069
2009,9,93,16117
2009,9,94,31156
2009,9,95,5276
2009,9,96,2539
2009,9,97,25161
2009,10,101,18007
2009,10,102,45938
2009,10,103,38931
2009,10,104,74042
2009,10,105,20860
2009,10,106,3382
2009,10,107,56852
2009,11,111,24461
2009,11,112,33809
2009,11,113,40764
2009,11,114,48724
2009,11,115,35956
2009,11,116,41798
2009,11,117,31461
2009,12,121,22401
2009,12,122,13202
2009,12,123,23028
2009,12,124,22562
2009,12,125,27534
2009,12,126,14623
2009,12,127,17839
2009,13,131,37060
2009,13,132,43145
2009,13,133,42052
2009,13,134,43894
2009,13,135,29650
2009,13,136,49379
2009,14,141,10008
2009,14,142,6595
2009,14,143,30330
2009,14,144,20026
2009,14,145,18337
2009,14,146,18408
2009,15,151,52265
2009,15,152,65415
2009,15,153,25989
2009,15,154,22017
2009,15,155,19782
2009,15,156,12831
2009,15,157,6272
2009,15,158,1691
2009,15,159,23028
2009,16,161,6484
2009,16,162,14972
2009,16,163,43780
2009,16,164,57635
2009,16,165,16069
2009,16,166,33448
2009,17,171,45324
2009,17,172,16890
2009,17,173,15025
2009,17,174,38910
2009,17,175,33578
2009,18,181,53797
2009,18,182,26914
2009,19,191,49157
2009,20,201,26646
2009,20,202,9737
2009,20,203,9122
2009,20,204,24460
2009,20,205,31621
2009,20,206,11990
2009,20,207,31384
2009,20,208,12407
2009,21,211,20474
2009,21,212,2135
2009,21,213,7905
2009,21,214,8081
2009,21,215,6394
2010,1,11,23568
2010,1,12,50208
2010,1,13,11113
2010,1,14,17412
2010,1,15,33493
2010,1,16,8114
2010,2,21,23211
2010,2,22,38071
2010,2,23,21591
2010,2,24,15951
2010,2,25,27115
2010,2,26,27845
2010,2,27,1003
2010,3,31,35843
2010,3,32,17241
2010,3,33,24250
2010,3,34,22688
2010,3,35,7296
2010,3,36,15841
2010,4,41,15640
2010,4,42,30287
2010,4,43,22161
2010,4,44,41574
2010,4,45,21322
2010,4,46,16751
2010,5,51,16566
2010,5,52,38154
2010,5,53,18953
2010,5,54,31759
2010,5,55,23811
2010,5,56,17115
2010,6,61,29801
2010,6,62,34693
2010,6,63,20705
2010,6,64,22359
2010,6,65,25270
2010,6,66,24699
2010,7,71,24236
2010,7,72,25911
2010,7,73,26145
2010,7,74,20310
2010,7,75,28065
2010,7,76,20477
2010,8,81,3519
2010,8,82,3233
2010,8,83,46127
2010,8,84,49111
2010,8,85,36168
2010,8,86,51684
2010,8,87,28798
2010,8,88,11118
2010,9,91,13263
2010,9,92,24854
2010,9,93,15975
2010,9,94,31101
2010,9,95,5584
2010,9,96,2525
2010,9,97,25629
2010,10,101,17957
2010,10,102,45468
2010,10,103,38719
2010,10,104,72943
2010,10,105,20553
2010,10,106,3672
2010,10,107,56090
2010,11,111,24057
2010,11,112,33854
2010,11,113,40576
2010,11,114,48567
2010,11,115,35587
2010,11,116,42807
2010,11,117,31197
2010,12,121,22438
2010,12,122,13385
2010,12,123,23273
2010,12,124,22607
2010,12,125,27554
2010,12,126,14614
2010,12,127,17884
2010,13,131,36435
2010,13,132,42674
2010,13,133,42187
2010,13,134,43822
2010,13,135,29527
2010,13,136,49393
2010,14,141,9829
2010,14,142,6617
2010,14,143,29973
2010,14,144,19765
2010,14,145,18286
2010,14,146,18201
2010,15,151,52017
2010,15,152,65328
2010,15,153,25951
2010,15,154,21940
2010,15,155,19653
2010,15,156,12898
2010,15,157,6253
2010,15,158,1725
2010,15,159,23070
2010,16,161,6662
2010,16,162,15230
2010,16,163,43620
2010,16,164,57067
2010,16,165,15953
2010,16,166,36154
2010,17,171,45382
2010,17,172,16867
2010,17,173,15257
2010,17,174,38949
2010,17,175,33281
2010,18,181,61657
2010,18,182,26544
2010,19,191,49768
2010,20,201,26990
2010,20,202,9559
2010,20,203,8981
2010,20,204,24531
2010,20,205,31985
2010,20,206,12676
2010,20,207,31209
2010,20,208,12380
2010,21,211,20540
2010,21,212,2169
2010,21,213,7890
2010,21,214,8495
2010,21,215,6703
2011,1,11,23421
2011,1,12,49504
2011,1,13,11149
2011,1,14,17330
2011,1,15,33293
2011,1,16,8179
2011,2,21,23202
2011,2,22,37913
2011,2,23,21238
2011,2,24,16519
2011,2,25,27429
2011,2,26,27430
2011,2,27,986
2011,3,31,35276
2011,3,32,17285
2011,3,33,24007
2011,3,34,22476
2011,3,35,7250
2011,3,36,15774
2011,4,41,15693
2011,4,42,30046
2011,4,43,21997
2011,4,44,41434
2011,4,45,21328
2011,4,46,16882
2011,5,51,16730
2011,5,52,37795
2011,5,53,18874
2011,5,54,31693
2011,5,55,23825
2011,5,56,17200
2011,6,61,29590
2011,6,62,34473
2011,6,63,20502
2011,6,64,22137
2011,6,65,25231
2011,6,66,24500
2011,7,71,23806
2011,7,72,25594
2011,7,73,25866
2011,7,74,20236
2011,7,75,27965
2011,7,76,20306
2011,8,81,3465
2011,8,82,3207
2011,8,83,45795
2011,8,84,48415
2011,8,85,35772
2011,8,86,53758
2011,8,87,29072
2011,8,88,12413
2011,9,91,13052
2011,9,92,24909
2011,9,93,15883
2011,9,94,30816
2011,9,95,5751
2011,9,96,2540
2011,9,97,25754
2011,10,101,17757
2011,10,102,44755
2011,10,103,37805
2011,10,104,71730
2011,10,105,20303
2011,10,106,3965
2011,10,107,55254
2011,11,111,23675
2011,11,112,33427
2011,11,113,40505
2011,11,114,47771
2011,11,115,35327
2011,11,116,43385
2011,11,117,30901
2011,12,121,22437
2011,12,122,13423
2011,12,123,23090
2011,12,124,22172
2011,12,125,27443
2011,12,126,14200
2011,12,127,17498
2011,13,131,35508
2011,13,132,42055
2011,13,133,41588
2011,13,134,43495
2011,13,135,29560
2011,13,136,48782
2011,14,141,9585
2011,14,142,6611
2011,14,143,29525
2011,14,144,19397
2011,14,145,18034
2011,14,146,17960
2011,15,151,50866
2011,15,152,64351
2011,15,153,25718
2011,15,154,21579
2011,15,155,19251
2011,15,156,12911
2011,15,157,6280
2011,15,158,1727
2011,15,159,23106
2011,16,161,6734
2011,16,162,15448
2011,16,163,43270
2011,16,164,56143
2011,16,165,15841
2011,16,166,38212
2011,17,171,45167
2011,17,172,16631
2011,17,173,15564
2011,17,174,38535
2011,17,175,32702
2011,18,181,66164
2011,18,182,26201
2011,19,191,50402
2011,20,201,26749
2011,20,202,9376
2011,20,203,8730
2011,20,204,24068
2011,20,205,32015
2011,20,206,13622
2011,20,207,30512
2011,20,208,12226
2011,21,211,20387
2011,21,212,2097
2011,21,213,7926
2011,21,214,8806
2011,21,215,6995
2012,1,11,22992
2012,1,12,48477
2012,1,13,10941
2012,1,14,17046
2012,1,15,32638
2012,1,16,7858
2012,2,21,23148
2012,2,22,37456
2012,2,23,20709
2012,2,24,17076
2012,2,25,27392
2012,2,26,27153
2012,2,27,989
2012,3,31,34959
2012,3,32,17437
2012,3,33,23823
2012,3,34,22088
2012,3,35,7139
2012,3,36,15700
2012,4,41,15454
2012,4,42,29673
2012,4,43,21629
2012,4,44,41448
2012,4,45,21103
2012,4,46,16748
2012,5,51,16847
2012,5,52,37451
2012,5,53,18532
2012,5,54,31521
2012,5,55,23786
2012,5,56,17025
2012,6,61,29262
2012,6,62,34244
2012,6,63,20343
2012,6,64,22179
2012,6,65,25286
2012,6,66,24450
2012,7,71,23415
2012,7,72,25052
2012,7,73,25195
2012,7,74,19797
2012,7,75,27702
2012,7,76,20233
2012,8,81,3461
2012,8,82,3205
2012,8,83,45262
2012,8,84,47765
2012,8,85,35285
2012,8,86,55131
2012,8,87,29041
2012,8,88,13774
2012,9,91,12612
2012,9,92,24375
2012,9,93,15569
2012,9,94,30467
2012,9,95,6008
2012,9,96,2495
2012,9,97,25531
2012,10,101,17526
2012,10,102,43759
2012,10,103,36996
2012,10,104,70290
2012,10,105,19819
2012,10,106,4131
2012,10,107,54021
2012,11,111,23279
2012,11,112,32911
2012,11,113,39632
2012,11,114,46358
2012,11,115,34529
2012,11,116,43758
2012,11,117,30333
2012,12,121,22390
2012,12,122,13308
2012,12,123,22799
2012,12,124,21955
2012,12,125,26545
2012,12,126,13877
2012,12,127,17261
2012,13,131,34689
2012,13,132,41298
2012,13,133,40955
2012,13,134,43207
2012,13,135,29235
2012,13,136,48228
2012,14,141,9374
2012,14,142,6605
2012,14,143,29248
2012,14,144,19009
2012,14,145,17712
2012,14,146,17818
2012,15,151,50149
2012,15,152,63242
2012,15,153,25417
2012,15,154,21265
2012,15,155,18955
2012,15,156,12714
2012,15,157,6266
2012,15,158,1672
2012,15,159,22906
2012,16,161,6762
2012,16,162,14697
2012,16,163,42504
2012,16,164,55258
2012,16,165,15665
2012,16,166,39754
2012,17,171,44340
2012,17,172,16340
2012,17,173,15812
2012,17,174,37895
2012,17,175,32075
2012,18,181,69466
2012,18,182,25610
2012,19,191,50620
2012,20,201,26369
2012,20,202,9193
2012,20,203,8479
2012,20,204,23905
2012,20,205,31945
2012,20,206,14199
2012,20,207,29983
2012,20,208,11919
2012,21,211,20137
2012,21,212,2055
2012,21,213,7830
2012,21,214,9077
2012,21,215,7093
2013,1,11,22751
2013,1,12,47470
2013,1,13,10888
2013,1,14,16996
2013,1,15,32468
2013,1,16,7827
2013,2,21,23150
2013,2,22,37387
2013,2,23,20687
2013,2,24,17444
2013,2,25,27319
2013,2,26,26979
2013,2,27,1096
2013,3,31,34656
2013,3,32,17406
2013,3,33,23637
2013,3,34,21940
2013,3,35,7181
2013,3,36,15432
2013,4,41,15469
2013,4,42,29637
2013,4,43,21457
2013,4,44,41073
2013,4,45,21029
2013,4,46,16958
2013,5,51,16871
2013,5,52,37131
2013,5,53,18467
2013,5,54,31546
2013,5,55,23699
2013,5,56,16832
2013,6,61,29074
2013,6,62,34252
2013,6,63,20397
2013,6,64,22110
2013,6,65,25494
2013,6,66,24357
2013,7,71,23473
2013,7,72,25002
2013,7,73,25129
2013,7,74,19839
2013,7,75,27629
2013,7,76,20013
2013,8,81,3474
2013,8,82,3200
2013,8,83,45131
2013,8,84,47280
2013,8,85,35011
2013,8,86,56052
2013,8,87,28939
2013,8,88,14765
2013,9,91,12422
2013,9,92,24469
2013,9,93,15702
2013,9,94,30184
2013,9,95,6192
2013,9,96,2483
2013,9,97,25589
2013,10,101,17473
2013,10,102,42907
2013,10,103,36624
2013,10,104,69361
2013,10,105,19631
2013,10,106,4385
2013,10,107,53222
2013,11,111,22864
2013,11,112,32239
2013,11,113,39073
2013,11,114,45366
2013,11,115,33844
2013,11,116,44056
2013,11,117,29962
2013,12,121,22389
2013,12,122,13316
2013,12,123,22647
2013,12,124,21371
2013,12,125,25853
2013,12,126,13634
2013,12,127,16853
2013,13,131,34146
2013,13,132,40040
2013,13,133,40491
2013,13,134,42907
2013,13,135,28467
2013,13,136,47189
2013,14,141,9268
2013,14,142,6519
2013,14,143,28663
2013,14,144,18735
2013,14,145,17217
2013,14,146,17563
2013,15,151,49251
2013,15,152,62024
2013,15,153,25018
2013,15,154,21064
2013,15,155,18612
2013,15,156,12483
2013,15,157,6235
2013,15,158,1641
2013,15,159,22685
2013,16,161,6737
2013,16,162,14527
2013,16,163,41982
2013,16,164,54259
2013,16,165,15474
2013,16,166,40987
2013,17,171,43536
2013,17,172,15735
2013,17,173,16090
2013,17,174,37385
2013,17,175,31540
2013,18,181,72221
2013,18,182,25269
2013,19,191,50686
2013,20,201,26328
2013,20,202,9108
2013,20,203,8292
2013,20,204,23759
2013,20,205,32017
2013,20,206,14643
2013,20,207,29561
2013,20,208,11870
2013,21,211,19948
2013,21,212,2006
2013,21,213,7638
2013,21,214,9366
2013,21,215,7131
2014,1,11,22344
2014,1,12,45710
2014,1,13,10674
2014,1,14,16622
2014,1,15,31412
2014,1,16,7509
2014,2,21,22778
2014,2,22,36922
2014,2,23,20186
2014,2,24,17579
2014,2,25,26872
2014,2,26,26182
2014,2,27,1089
2014,3,31,34107
2014,3,32,17246
2014,3,33,23399
2014,3,34,21712
2014,3,35,7087
2014,3,36,15192
2014,4,41,15269
2014,4,42,29096
2014,4,43,21127
2014,4,44,40606
2014,4,45,20641
2014,4,46,16859
2014,5,51,16792
2014,5,52,36478
2014,5,53,18140
2014,5,54,31204
2014,5,55,23378
2014,5,56,16692
2014,6,61,28326
2014,6,62,33633
2014,6,63,19963
2014,6,64,21897
2014,6,65,24921
2014,6,66,23783
2014,7,71,22912
2014,7,72,24547
2014,7,73,24578
2014,7,74,19578
2014,7,75,27096
2014,7,76,19875
2014,8,81,3446
2014,8,82,3232
2014,8,83,44543
2014,8,84,46324
2014,8,85,34533
2014,8,86,56346
2014,8,87,28800
2014,8,88,15427
2014,9,91,12191
2014,9,92,24073
2014,9,93,15638
2014,9,94,29722
2014,9,95,6149
2014,9,96,2446
2014,9,97,25494
2014,10,101,17172
2014,10,102,41774
2014,10,103,35779
2014,10,104,67483
2014,10,105,19095
2014,10,106,4613
2014,10,107,52037
2014,11,111,22392
2014,11,112,31749
2014,11,113,38158
2014,11,114,44434
2014,11,115,32910
2014,11,116,43888
2014,11,117,29249
2014,12,121,22239
2014,12,122,13174
2014,12,123,22349
2014,12,124,20678
2014,12,125,25213
2014,12,126,13398
2014,12,127,16604
2014,13,131,33674
2014,13,132,38776
2014,13,133,39735
2014,13,134,42296
2014,13,135,27943
2014,13,136,46315
2014,14,141,9181
2014,14,142,6500
2014,14,143,28138
2014,14,144,18213
2014,14,145,16923
2014,14,146,17216
2014,15,151,48131
2014,15,152,60794
2014,15,153,24233
2014,15,154,20561
2014,15,155,18239
2014,15,156,12319
2014,15,157,6078
2014,15,158,1595
2014,15,159,22306
2014,16,161,6677
2014,16,162,14317
2014,16,163,41268
2014,16,164,53175
2014,16,165,15375
2014,16,166,41893
2014,17,171,42964
2014,17,172,15431
2014,17,173,16260
2014,17,174,36566
2014,17,175,30819
2014,18,181,74062
2014,18,182,24705
2014,19,191,50632
2014,20,201,26052
2014,20,202,8853
2014,20,203,8178
2014,20,204,23449
2014,20,205,31746
2014,20,206,14660
2014,20,207,28865
2014,20,208,11569
2014,21,211,19623
2014,21,212,1898
2014,21,213,7379
2014,21,214,9533
2014,21,215,7153
2015,1,11,22166
2015,1,12,44268
2015,1,13,10482
2015,1,14,16183
2015,1,15,30660
2015,1,16,7347
2015,2,21,22636
2015,2,22,36547
2015,2,23,19854
2015,2,24,17922
2015,2,25,26598
2015,2,26,25528
2015,2,27,1092
2015,3,31,33639
2015,3,32,17454
2015,3,33,23237
2015,3,34,21404
2015,3,35,7003
2015,3,36,15197
2015,4,41,15340
2015,4,42,28924
2015,4,43,20750
2015,4,44,40351
2015,4,45,20339
2015,4,46,16684
2015,5,51,16781
2015,5,52,35993
2015,5,53,18026
2015,5,54,30924
2015,5,55,23315
2015,5,56,16396
2015,6,61,28014
2015,6,62,33336
2015,6,63,19639
2015,6,64,21651
2015,6,65,24583
2015,6,66,23637
2015,7,71,22621
2015,7,72,24230
2015,7,73,24318
2015,7,74,19542
2015,7,75,26795
2015,7,76,19780
2015,8,81,3424
2015,8,82,3219
2015,8,83,44164
2015,8,84,45676
2015,8,85,34248
2015,8,86,57074
2015,8,87,28911
2015,8,88,16173
2015,9,91,12622
2015,9,92,23875
2015,9,93,15782
2015,9,94,29497
2015,9,95,6275
2015,9,96,2462
2015,9,97,25388
2015,10,101,16924
2015,10,102,40918
2015,10,103,35282
2015,10,104,66208
2015,10,105,18855
2015,10,106,4809
2015,10,107,51226
2015,11,111,22176
2015,11,112,31432
2015,11,113,37659
2015,11,114,43851
2015,11,115,32442
2015,11,116,43674
2015,11,117,28996
2015,12,121,22212
2015,12,122,13236
2015,12,123,22463
2015,12,124,20293
2015,12,125,24849
2015,12,126,13250
2015,12,127,16441
2015,13,131,33480
2015,13,132,38450
2015,13,133,39300
2015,13,134,41743
2015,13,135,27522
2015,13,136,45640
2015,14,141,9036
2015,14,142,6438
2015,14,143,27743
2015,14,144,18031
2015,14,145,16693
2015,14,146,16872
2015,15,151,47301
2015,15,152,60150
2015,15,153,23974
2015,15,154,20332
2015,15,155,18059
2015,15,156,12273
2015,15,157,5997
2015,15,158,1592
2015,15,159,22058
2015,16,161,6626
2015,16,162,14223
2015,16,163,40564
2015,16,164,52351
2015,16,165,15180
2015,16,166,45399
2015,17,171,42838
2015,17,172,14980
2015,17,173,16242
2015,17,174,36215
2015,17,175,30324
2015,18,181,75174
2015,18,182,24462
2015,19,191,50726
2015,20,201,26021
2015,20,202,8708
2015,20,203,8117
2015,20,204,23274
2015,20,205,31369
2015,20,206,14862
2015,20,207,28671
2015,20,208,11425
2015,21,211,19445
2015,21,212,1787
2015,21,213,7252
2015,21,214,10050
2015,21,215,7213
2016,1,11,22390
2016,1,12,44944
2016,1,13,10622
2016,1,14,16420
2016,1,15,30846
2016,1,16,7422
2016,2,21,22679
2016,2,22,36610
2016,2,23,19919
2016,2,24,18399
2016,2,25,27114
2016,2,26,25688
2016,2,27,1111
2016,3,31,33714
2016,3,32,17931
2016,3,33,23200
2016,3,34,21433
2016,3,35,7031
2016,3,36,15250
2016,4,41,15484
2016,4,42,29108
2016,4,43,20729
2016,4,44,40448
2016,4,45,20633
2016,4,46,16842
2016,5,51,17018
2016,5,52,36156
2016,5,53,18262
2016,5,54,31224
2016,5,55,23548
2016,5,56,16402
2016,6,61,28210
2016,6,62,33637
2016,6,63,19799
2016,6,64,21769
2016,6,65,24932
2016,6,66,24198
2016,7,71,22638
2016,7,72,24044
2016,7,73,24517
2016,7,74,19701
2016,7,75,26785
2016,7,76,19847
2016,8,81,3375
2016,8,82,3186
2016,8,83,44147
2016,8,84,45730
2016,8,85,33994
2016,8,86,58731
2016,8,87,29519
2016,8,88,16800
2016,9,91,12864
2016,9,92,23935
2016,9,93,16019
2016,9,94,29404
2016,9,95,6326
2016,9,96,2575
2016,9,97,25566
2016,10,101,16977
2016,10,102,40910
2016,10,103,35290
2016,10,104,65736
2016,10,105,18809
2016,10,106,5260
2016,10,107,51033
2016,11,111,22258
2016,11,112,31538
2016,11,113,37830
2016,11,114,44161
2016,11,115,32800
2016,11,116,44331
2016,11,117,29082
2016,12,121,22256
2016,12,122,13269
2016,12,123,22835
2016,12,124,20421
2016,12,125,25273
2016,12,126,13242
2016,12,127,16719
2016,13,131,33521
2016,13,132,38953
2016,13,133,39245
2016,13,134,41888
2016,13,135,27647
2016,13,136,45941
2016,14,141,9227
2016,14,142,6406
2016,14,143,27596
2016,14,144,17926
2016,14,145,16564
2016,14,146,16888
2016,15,151,47445
2016,15,152,60310
2016,15,153,24213
2016,15,154,20437
2016,15,155,18087
2016,15,156,12302
2016,15,157,6100
2016,15,158,1570
2016,15,159,21967
2016,16,161,6590
2016,16,162,14413
2016,16,163,40580
2016,16,164,52180
2016,16,165,15253
2016,16,166,48722
2016,17,171,43158
2016,17,172,15107
2016,17,173,16607
2016,17,174,36343
2016,17,175,30227
2016,18,181,77752
2016,18,182,24388
2016,19,191,51238
2016,20,201,26233
2016,20,202,8741
2016,20,203,8174
2016,20,204,23545
2016,20,205,31511
2016,20,206,15300
2016,20,207,28477
2016,20,208,11430
2016,21,211,19325
2016,21,212,1767
2016,21,213,7280
2016,21,214,10592
2016,21,215,7300
2017,1,11,22353
2017,1,12,44630
2017,1,13,10521
2017,1,14,16374
2017,1,15,30709
2017,1,16,7341
2017,2,21,22646
2017,2,22,36665
2017,2,23,19764
2017,2,24,18938
2017,2,25,27263
2017,2,26,25580
2017,2,27,1109
2017,3,31,33629
2017,3,32,18149
2017,3,33,23163
2017,3,34,21347
2017,3,35,7053
2017,3,36,15175
2017,4,41,15514
2017,4,42,29273
2017,4,43,20585
2017,4,44,40655
2017,4,45,20757
2017,4,46,17016
2017,5,51,17061
2017,5,52,36089
2017,5,53,18319
2017,5,54,31247
2017,5,55,24110
2017,5,56,16598
2017,6,61,28359
2017,6,62,33938
2017,6,63,19982
2017,6,64,21982
2017,6,65,25214
2017,6,66,24314
2017,7,71,22406
2017,7,72,24179
2017,7,73,24516
2017,7,74,19698
2017,7,75,26823
2017,7,76,19779
2017,8,81,3394
2017,8,82,3196
2017,8,83,44262
2017,8,84,45808
2017,8,85,33803
2017,8,86,60011
2017,8,87,30868
2017,8,88,17414
2017,9,91,12841
2017,9,92,23931
2017,9,93,16053
2017,9,94,29246
2017,9,95,6413
2017,9,96,2720
2017,9,97,25699
2017,10,101,17037
2017,10,102,41006
2017,10,103,35269
2017,10,104,65307
2017,10,105,18772
2017,10,106,5468
2017,10,107,50949
2017,11,111,22089
2017,11,112,32021
2017,11,113,37956
2017,11,114,44320
2017,11,115,32991
2017,11,116,45248
2017,11,117,29373
2017,12,121,22398
2017,12,122,13331
2017,12,123,22926
2017,12,124,20525
2017,12,125,25348
2017,12,126,13446
2017,12,127,16817
2017,13,131,33541
2017,13,132,39198
2017,13,133,39329
2017,13,134,41992
2017,13,135,27655
2017,13,136,45880
2017,14,141,9115
2017,14,142,6435
2017,14,143,27366
2017,14,144,17811
2017,14,145,16703
2017,14,146,16767
2017,15,151,47306
2017,15,152,60415
2017,15,153,24182
2017,15,154,20532
2017,15,155,18102
2017,15,156,12367
2017,15,157,6122
2017,15,158,1562
2017,15,159,21941
2017,16,161,6682
2017,16,162,14474
2017,16,163,40500
2017,16,164,51966
2017,16,165,15174
2017,16,166,51666
2017,17,171,43449
2017,17,172,15187
2017,17,173,17245
2017,17,174,36476
2017,17,175,30251
2017,18,181,80292
2017,18,182,24129
2017,19,191,51580
2017,19,192,0
2017,20,201,26490
2017,20,202,8830
2017,20,203,8205
2017,20,204,23749
2017,20,205,31508
2017,20,206,15775
2017,20,207,28423
2017,20,208,11377
2017,21,211,19386
2017,21,212,1784
2017,21,213,7313
2017,21,214,11023
2017,21,215,7370
2018,1,11,22515
2018,1,12,44630
2018,1,13,10531
2018,1,14,16578
2018,1,15,30897
2018,1,16,7201
2018,2,21,22719
2018,2,22,36751
2018,2,23,19799
2018,2,24,19252
2018,2,25,27473
2018,2,26,25748
2018,2,27,1165
2018,3,31,33601
2018,3,32,18345
2018,3,33,23238
2018,3,34,21472
2018,3,35,7075
2018,3,36,15280
2018,4,41,15756
2018,4,42,29604
2018,4,43,20747
2018,4,44,41259
2018,4,45,20956
2018,4,46,16946
2018,5,51,17145
2018,5,52,36522
2018,5,53,18487
2018,5,54,31373
2018,5,55,24496
2018,5,56,16871
2018,6,61,28750
2018,6,62,34254
2018,6,63,20363
2018,6,64,22421
2018,6,65,25571
2018,6,66,24608
2018,7,71,22666
2018,7,72,24335
2018,7,73,24523
2018,7,74,19799
2018,7,75,27049
2018,7,76,20046
2018,8,81,3456
2018,8,82,3234
2018,8,83,44412
2018,8,84,46094
2018,8,85,33783
2018,8,86,61941
2018,8,87,32058
2018,8,88,17950
2018,9,91,12900
2018,9,92,23992
2018,9,93,16097
2018,9,94,29418
2018,9,95,6560
2018,9,96,2720
2018,9,97,26148
2018,10,101,17192
2018,10,102,41397
2018,10,103,35488
2018,10,104,65961
2018,10,105,18983
2018,10,106,5662
2018,10,107,51102
2018,11,111,22248
2018,11,112,32492
2018,11,113,38554
2018,11,114,45008
2018,11,115,33933
2018,11,116,46216
2018,11,117,29769
2018,12,121,22555
2018,12,122,13572
2018,12,123,23209
2018,12,124,20986
2018,12,125,25726
2018,12,126,13697
2018,12,127,17233
2018,13,131,33986
2018,13,132,40267
2018,13,133,39669
2018,13,134,42120
2018,13,135,27908
2018,13,136,46538
2018,14,141,9081
2018,14,142,6326
2018,14,143,27378
2018,14,144,17757
2018,14,145,16902
2018,14,146,16817
2018,15,151,47744
2018,15,152,61160
2018,15,153,24373
2018,15,154,20803
2018,15,155,18068
2018,15,156,12433
2018,15,157,6288
2018,15,158,1575
2018,15,159,22019
2018,16,161,6738
2018,16,162,14723
2018,16,163,40627
2018,16,164,52274
2018,16,165,15271
2018,16,166,54297
2018,17,171,44299
2018,17,172,15498
2018,17,173,18268
2018,17,174,36975
2018,17,175,30483
2018,18,181,39740
2018,18,182,24295
2018,19,191,34200
2018,19,192,17637
2018,20,201,27242
2018,20,202,8941
2018,20,203,8346
2018,20,204,23939
2018,20,205,31560
2018,20,206,16315
2018,20,207,28519
2018,20,208,11287
2018,21,211,19446
2018,21,212,1794
2018,21,213,7336
2018,21,214,11750
2018,21,215,7510
2019,1,11,22923
2019,1,12,45259
2019,1,13,10484
2019,1,14,17153
2019,1,15,31725
2019,1,16,7337
2019,2,21,22766
2019,2,22,36785
2019,2,23,19993
2019,2,24,19652
2019,2,25,27658
2019,2,26,25801
2019,2,27,1175
2019,3,31,33571
2019,3,32,18474
2019,3,33,23306
2019,3,34,21646
2019,3,35,7039
2019,3,36,15343
2019,4,41,15734
2019,4,42,29649
2019,4,43,21071
2019,4,44,41609
2019,4,45,20961
2019,4,46,17124
2019,5,51,17302
2019,5,52,36651
2019,5,53,18642
2019,5,54,31733
2019,5,55,24657
2019,5,56,16880
2019,6,61,29146
2019,6,62,34608
2019,6,63,20513
2019,6,64,22642
2019,6,65,26021
2019,6,66,25007
2019,7,71,22891
2019,7,72,24455
2019,7,73,24696
2019,7,74,19807
2019,7,75,27382
2019,7,76,20217
2019,8,81,3454
2019,8,82,3265
2019,8,83,44508
2019,8,84,46419
2019,8,85,33765
2019,8,86,63201
2019,8,87,32898
2019,8,88,18511
2019,9,91,12991
2019,9,92,24093
2019,9,93,16260
2019,9,94,29722
2019,9,95,6726
2019,9,96,2808
2019,9,97,26823
2019,10,101,17397
2019,10,102,41730
2019,10,103,36090
2019,10,104,66351
2019,10,105,19281
2019,10,106,5748
2019,10,107,51557
2019,11,111,22403
2019,11,112,33051
2019,11,113,38957
2019,11,114,45975
2019,11,115,34860
2019,11,116,47055
2019,11,117,30739
2019,12,121,22837
2019,12,122,13808
2019,12,123,23666
2019,12,124,21439
2019,12,125,26353
2019,12,126,13968
2019,12,127,17430
2019,13,131,34698
2019,13,132,41664
2019,13,133,40166
2019,13,134,42594
2019,13,135,28350
2019,13,136,47298
2019,14,141,9137
2019,14,142,6334
2019,14,143,27260
2019,14,144,17871
2019,14,145,17139
2019,14,146,16868
2019,15,151,48099
2019,15,152,62111
2019,15,153,24622
2019,15,154,20856
2019,15,155,18130
2019,15,156,12487
2019,15,157,6387
2019,15,158,1568
2019,15,159,22010
2019,16,161,6790
2019,16,162,14911
2019,16,163,40578
2019,16,164,52691
2019,16,165,15418
2019,16,166,57879
2019,17,171,45204
2019,17,172,16052
2019,17,173,18870
2019,17,174,37587
2019,17,175,31170
2019,18,181,40280
2019,18,182,24328
2019,19,191,34816
2019,19,192,17638
2019,20,201,27918
2019,20,202,9157
2019,20,203,8575
2019,20,204,24211
2019,20,205,31677
2019,20,206,16693
2019,20,207,28584
2019,20,208,11351
2019,21,211,19526
2019,21,212,1851
2019,21,213,7565
2019,21,214,12388
2019,21,215,7642
2020,1,11,23593
2020,1,12,47048
2020,1,13,10771
2020,1,14,18021
2020,1,15,33418
2020,1,16,7622
2020,2,21,22908
2020,2,22,36922
2020,2,23,20287
2020,2,24,19810
2020,2,25,28233
2020,2,26,26289
2020,2,27,1211
2020,3,31,33767
2020,3,32,18785
2020,3,33,23354
2020,3,34,21993
2020,3,35,7046
2020,3,36,15461
2020,4,41,15846
2020,4,42,29945
2020,4,43,21249
2020,4,44,42306
2020,4,45,21211
2020,4,46,17297
2020,5,51,17433
2020,5,52,36940
2020,5,53,18893
2020,5,54,32042
2020,5,55,25015
2020,5,56,17228
2020,6,61,29895
2020,6,62,35192
2020,6,63,20835
2020,6,64,23003
2020,6,65,26545
2020,6,66,25843
2020,7,71,23329
2020,7,72,24704
2020,7,73,25023
2020,7,74,19838
2020,7,75,27569
2020,7,76,20403
2020,8,81,3472
2020,8,82,3308
2020,8,83,44938
2020,8,84,46855
2020,8,85,33644
2020,8,86,64668
2020,8,87,34046
2020,8,88,19042
2020,9,91,13201
2020,9,92,24423
2020,9,93,16395
2020,9,94,30405
2020,9,95,6957
2020,9,96,2799
2020,9,97,27503
2020,10,101,17736
2020,10,102,42362
2020,10,103,36783
2020,10,104,67418
2020,10,105,19848
2020,10,106,5881
2020,10,107,52111
2020,11,111,23001
2020,11,112,33681
2020,11,113,40023
2020,11,114,47602
2020,11,115,35932
2020,11,116,48010
2020,11,117,31947
2020,12,121,23173
2020,12,122,14154
2020,12,123,24001
2020,12,124,22179
2020,12,125,27128
2020,12,126,14412
2020,12,127,17847
2020,13,131,35516
2020,13,132,43899
2020,13,133,40910
2020,13,134,43164
2020,13,135,28968
2020,13,136,48410
2020,14,141,9355
2020,14,142,6435
2020,14,143,27232
2020,14,144,17951
2020,14,145,17519
2020,14,146,17122
2020,15,151,48891
2020,15,152,63521
2020,15,153,25151
2020,15,154,21153
2020,15,155,18107
2020,15,156,12725
2020,15,157,6519
2020,15,158,1555
2020,15,159,22245
2020,16,161,6839
2020,16,162,14939
2020,16,163,40838
2020,16,164,53162
2020,16,165,15555
2020,16,166,61931
2020,17,171,46749
2020,17,172,16898
2020,17,173,20026
2020,17,174,38107
2020,17,175,32538
2020,18,181,40956
2020,18,182,24684
2020,19,191,35666
2020,19,192,17834
2020,20,201,28698
2020,20,202,9342
2020,20,203,8874
2020,20,204,24692
2020,20,205,31794
2020,20,206,17299
2020,20,207,29047
2020,20,208,11476
2020,21,211,19820
2020,21,212,1900
2020,21,213,7683
2020,21,214,12853
2020,21,215,7754
2021,1,11,23584
2021,1,12,47238
2021,1,13,10787
2021,1,14,18208
2021,1,15,33426
2021,1,16,7993
2021,2,21,22596
2021,2,22,36395
2021,2,23,20077
2021,2,24,19572
2021,2,25,28374
2021,2,26,25785
2021,2,27,1444
2021,3,31,33067
2021,3,32,18653
2021,3,33,23051
2021,3,34,21558
2021,3,35,6928
2021,3,36,15300
2021,4,41,15629
2021,4,42,29479
2021,4,43,20963
2021,4,44,41939
2021,4,45,20864
2021,4,46,17142
2021,5,51,17349
2021,5,52,36303
2021,5,53,18618
2021,5,54,31642
2021,5,55,24697
2021,5,56,17091
2021,6,61,29465
2021,6,62,34817
2021,6,63,20541
2021,6,64,22738
2021,6,65,26625
2021,6,66,25663
2021,7,71,22948
2021,7,72,24260
2021,7,73,24628
2021,7,74,19546
2021,7,75,27216
2021,7,76,20069
2021,8,81,3443
2021,8,82,3356
2021,8,83,44383
2021,8,84,45970
2021,8,85,33005
2021,8,86,64042
2021,8,87,34565
2021,8,88,18928
2021,9,91,13066
2021,9,92,24162
2021,9,93,16175
2021,9,94,30091
2021,9,95,6856
2021,9,96,2916
2021,9,97,27568
2021,10,101,17577
2021,10,102,41982
2021,10,103,36576
2021,10,104,66968
2021,10,105,19579
2021,10,106,5874
2021,10,107,51599
2021,11,111,22695
2021,11,112,33656
2021,11,113,39728
2021,11,114,47082
2021,11,115,35947
2021,11,116,48008
2021,11,117,31517
2021,12,121,23095
2021,12,122,14141
2021,12,123,23838
2021,12,124,22516
2021,12,125,26623
2021,12,126,14336
2021,12,127,17905
2021,13,131,35239
2021,13,132,43574
2021,13,133,40468
2021,13,134,42924
2021,13,135,28736
2021,13,136,48116
2021,14,141,8972
2021,14,142,6371
2021,14,143,26658
2021,14,144,17660
2021,14,145,17290
2021,14,146,16859
2021,15,151,48411
2021,15,152,62731
2021,15,153,24621
2021,15,154,20727
2021,15,155,17823
2021,15,156,12484
2021,15,157,6367
2021,15,158,1580
2021,15,159,22074
2021,16,161,6891
2021,16,162,14835
2021,16,163,40281
2021,16,164,52494
2021,16,165,15473
2021,16,166,63254
2021,17,171,46637
2021,17,172,16986
2021,17,173,20722
2021,17,174,37790
2021,17,175,32673
2021,18,181,40241
2021,18,182,24288
2021,19,191,35548
2021,19,192,17546
2021,20,201,28451
2021,20,202,9359
2021,20,203,8885
2021,20,204,24642
2021,20,205,31534
2021,20,206,17098
2021,20,207,28925
2021,20,208,11364
2021,21,211,19657
2021,21,212,1918
2021,21,213,7504
2021,21,214,13334
2021,21,215,7664
2022,1,11,23417
2022,1,12,46444
2022,1,13,10828
2022,1,14,18015
2022,1,15,32861
2022,1,16,8117
2022,2,21,22456
2022,2,22,36038
2022,2,23,19734
2022,2,24,19469
2022,2,25,28243
2022,2,26,25078
2022,2,27,1620
2022,3,31,32745
2022,3,32,18715
2022,3,33,22780
2022,3,34,21377
2022,3,35,6926
2022,3,36,15129
2022,4,41,15647
2022,4,42,29441
2022,4,43,20848
2022,4,44,41721
2022,4,45,20785
2022,4,46,17015
2022,5,51,17181
2022,5,52,35963
2022,5,53,18410
2022,5,54,31463
2022,5,55,24366
2022,5,56,16988
2022,6,61,28995
2022,6,62,34471
2022,6,63,20282
2022,6,64,22594
2022,6,65,26140
2022,6,66,24951
2022,7,71,22659
2022,7,72,23972
2022,7,73,24495
2022,7,74,19358
2022,7,75,26901
2022,7,76,19902
2022,8,81,3382
2022,8,82,3346
2022,8,83,43887
2022,8,84,45354
2022,8,85,32346
2022,8,86,63651
2022,8,87,35240
2022,8,88,19075
2022,9,91,12804
2022,9,92,24165
2022,9,93,16220
2022,9,94,29802
2022,9,95,7048
2022,9,96,2998
2022,9,97,27323
2022,10,101,17543
2022,10,102,41401
2022,10,103,36062
2022,10,104,65833
2022,10,105,19337
2022,10,106,5966
2022,10,107,50906
2022,11,111,22214
2022,11,112,33300
2022,11,113,39391
2022,11,114,46474
2022,11,115,35395
2022,11,116,47815
2022,11,117,30925
2022,12,121,22996
2022,12,122,14250
2022,12,123,23460
2022,12,124,22499
2022,12,125,26139
2022,12,126,14022
2022,12,127,17442
2022,13,131,34690
2022,13,132,42910
2022,13,133,39935
2022,13,134,42540
2022,13,135,28249
2022,13,136,47314
2022,14,141,8719
2022,14,142,6354
2022,14,143,26297
2022,14,144,17377
2022,14,145,17044
2022,14,146,16599
2022,15,151,47801
2022,15,152,61935
2022,15,153,24183
2022,15,154,20440
2022,15,155,17546
2022,15,156,12287
2022,15,157,6338
2022,15,158,1607
2022,15,159,21768
2022,16,161,6933
2022,16,162,14948
2022,16,163,39708
2022,16,164,51844
2022,16,165,15374
2022,16,166,66210
2022,17,171,46156
2022,17,172,16640
2022,17,173,20813
2022,17,174,37319
2022,17,175,32901
2022,18,181,39578
2022,18,182,24110
2022,19,191,35086
2022,19,192,17431
2022,20,201,28171
2022,20,202,9274
2022,20,203,8710
2022,20,204,24960
2022,20,205,30887
2022,20,206,16971
2022,20,207,28541
2022,20,208,11269
2022,21,211,19662
2022,21,212,1895
2022,21,213,7351
2022,21,214,11895
2022,21,215,7601
